pageKey,urlPattern,robotsDefault,title,h1,description,targetIntent,contentGateRule,status,og
home,/,index,"Новостройки и квартиры в Примерске — Старт Недвижимость","Новостройки и квартиры в Примерске","Каталог новостроек и квартир Примерска: цены от застройщиков, планировки, сроки сдачи. Помощь с ипотекой и юридическая проверка сделки.",home,none,active
geoHub,/{geo}/,"noindex,follow","Недвижимость в Примерске: новостройки и квартиры","Недвижимость в Примерске","Новостройки и квартиры в Примерске: актуальные предложения от застройщиков и собственников, цены и планировки.",geo-hub,none,active
catNovostroyki,/{geo}/novostroyki/,index,"Новостройки Примерска — цены от застройщиков","Новостройки в Примерске","Новостройки Примерска от застройщиков: цены, планировки, сроки сдачи и расположение ЖК. Подбор квартиры и помощь с ипотекой.",novostroyki-catalog,none,active
catKvartiry,/{geo}/kvartiry/,index,"Купить квартиру в Примерске — цены и планировки","Квартиры в Примерске","Квартиры в Примерске в новостройках и на вторичном рынке: цены, площадь, этаж и планировки. Фильтры по району, комнатности и бюджету.",kvartiry-catalog,none,active
facetVtorichka,/{geo}/kvartiry/vtorichka/,index,"Вторичное жильё в Примерске — квартиры с ценами","Вторичные квартиры в Примерске","Квартиры на вторичном рынке Примерска: актуальные предложения с ценами, фото и планировками. Юридическая проверка объекта перед покупкой.",vtorichka-facet,inventory,active
distLeninskiy,/{geo}/novostroyki/leninskiy/,index,"Новостройки Ленинского района Примерска — цены","Новостройки Ленинского района","Новостройки Ленинского района Примерска: ЖК от застройщиков, цены, планировки и сроки сдачи. Подбор квартиры и ипотека.",district-leninskiy,inventory,active
distVoroshilovskiy,/{geo}/novostroyki/voroshilovskiy/,index,"Новостройки Ворошиловского района Примерска","Новостройки Ворошиловского района","Новостройки Ворошиловского района Примерска: жилые комплексы, цены от застройщиков, планировки и сроки сдачи домов.",district-voroshilovskiy,inventory,active
distSevernyy,/{geo}/novostroyki/severnyy/,index,"Новостройки Северного микрорайона Примерска","Новостройки в Северном микрорайоне","Новостройки Северного микрорайона Примерска: ЖК, цены на квартиры, планировки и сроки сдачи. Помощь с ипотекой.",district-severnyy,inventory,active
distTsentr,/{geo}/novostroyki/tsentr/,index,"Новостройки в центре Примерска — цены, ЖК","Новостройки в центре Примерска","Новостройки в центре Примерска: жилые комплексы бизнес- и комфорт-класса, цены, планировки и сроки сдачи.",district-tsentr,inventory,active
developers,/{developersSegment}/,index,"Застройщики Примерска — список и новостройки","Застройщики Примерска","Застройщики Примерска: список компаний, их жилые комплексы, сданные и строящиеся дома, актуальные предложения квартир.",developers-index,none,active
developer,/{developersSegment}/{slug}/,index,"{Застройщик} — новостройки в Примерске, цены","Застройщик {Застройщик}","Новостройки застройщика {Застройщик} в Примерске: жилые комплексы, цены на квартиры, планировки и сроки сдачи.",developer-page,developer,active
development,/{developmentSegment}/zhk-{slug}/,index,"ЖК {Название} в Примерске — цены, планировки","ЖК {Название}","ЖК {Название} от {Застройщик}: квартиры от {minPrice} ₽, планировки, срок сдачи {deadline}, район {district}. Ипотека и проверка сделки.",development-page,development,active
property,/{objectNamespace}/{slug}-{publicUrlId}/,index,"{N}-комнатная квартира {S} м² в {ЖК|район} — {price} ₽","{N}-комнатная квартира, {S} м²","{N}-комнатная квартира {S} м², этаж {floor}/{floors}, {ЖК|адрес}, Примерск. Цена {price} ₽, планировка и фото.",property-page,property,active
team,/{teamSegment}/,index,"Команда агентов по недвижимости в Примерске","Команда агентов по недвижимости","Агенты Старт Недвижимость в Примерске: подбор новостройки, вторички и сопровождение сделки. Контакты специалистов и объекты в работе.",team-index,none,active
agent,/{teamSegment}/{slug}/,index,"Агент {slug} — новостройки и квартиры в Примерске","Агент {slug}","Агент {slug} помогает купить квартиру в Примерске: новостройки, цены, планировки и сопровождение сделки до регистрации.",agent-page,none,active
ipoteka,/ipoteka/,index,"Ипотека на квартиру в Примерске — Старт Недвижимость","Ипотека на квартиру в Примерске","Помощь с ипотекой на новостройку и вторичное жильё в Примерске: подбор программы, подготовка документов и сопровождение до сделки.",ipoteka,none,active
yurist,/yurist-po-nedvizhimosti/,index,"Юрист по недвижимости в Примерске — Старт Недвижимость","Юрист по недвижимости в Примерске","Юридическое сопровождение сделок с недвижимостью в Примерске: проверка объекта и документов, ДДУ и договор купли-продажи, регистрация.",yurist,none,active
about,/o-kompanii/,index,"О компании «Старт Недвижимость» — недвижимость","О компании «Старт Недвижимость»","«Старт Недвижимость» — подбор новостроек и квартир в Примерске, ипотека и юридическое сопровождение. Демонстрационный шаблон агентства.",about,none,active
contacts,/kontakty/,index,"Контакты «Старт Недвижимость» — офис в Примерске","Контакты","Офис «Старт Недвижимость»: Примерск, ул. Центральная, 1. Телефон +7 (800) 000-00-00, ежедневно с 9:00 до 18:00.",contacts,none,active
vacancies,/vakansii/,index,"Вакансии «Старт Недвижимость» — работа в Примерске","Вакансии","Работа в сфере недвижимости в Примерске: актуальные вакансии «Старт Недвижимость», условия и контакты для отклика.",vacancies,none,active
privacy,/politika-konfidencialnosti/,"noindex,follow","Политика обработки персональных данных — Старт Недвижимость","Политика обработки персональных данных","Политика обработки персональных данных ООО «Старт Недвижимость»: состав сведений, цели обработки, права субъекта и контакты оператора.",privacy,none,active
consent,/soglasie-na-obrabotku-personalnyh-dannyh/,"noindex,follow","Согласие на обработку персональных данных — Старт Недвижимость","Согласие на обработку персональных данных","Согласие на обработку персональных данных при заявке: перечень данных, цели, срок хранения и контакты оператора ООО «Старт Недвижимость».",consent,none,active
thanks,/spasibo/,"noindex,nofollow","Заявка отправлена — Старт Недвижимость","Спасибо, заявка отправлена","Заявка в «Старт Недвижимость» отправлена. Мы свяжемся с вами в рабочее время офиса в Примерске, ежедневно с 9:00 до 18:00.",thanks,none,active
favorites,/izbrannoe/,"noindex,nofollow","Избранное на сайте — Старт Недвижимость","Избранное","Сохранённые квартиры и новостройки. Список избранного доступен только в этом браузере и не индексируется поисковыми системами.",favorites,none,active
search,/poisk/,"noindex,follow","Поиск по каталогу — Старт Недвижимость","Поиск","Поиск по каталогу новостроек и квартир: введите запрос, чтобы найти жилой комплекс, застройщика или объявление в текущей выдаче.",search,none,active
notFound,404,noindex,"Страница не найдена — Старт Недвижимость","Страница не найдена","Страница не найдена. Проверьте адрес или вернитесь к каталогу новостроек и квартир «Старт Недвижимость» в Примерске.",not-found,none,active
